"topic","CS","lbf","pip","coef","name","id","database","accession","sub_category_code","organism","description_brief","top_genes"
"k1","L1","168.51","1.000","0.698","REACTOME_EUKARYOTIC_TRANSLATION_ELONGATION","M29556","MSigDB-C2",NA,"CP:REACTOME","Homo sapiens","Eukaryotic Translation Elongation","Rpl13 (2.766) Rpsa (2.33) Eef1g (2.285) Rps16 (2.219) Rpl18a (2.156) Rps4x (2.129) Rpl3 (2.052) Rplp0 (1.979) Rpl35 (1.806) Rpl14 (1.755)"
"k1","L2","104.67","1.000","0.383","HALLMARK_TNFA_SIGNALING_VIA_NFKB","M5890","MSigDB-H",NA,"","Homo sapiens","Genes regulated by NF-kB in response to TNF [GeneID=7124].","Lamb3 (4.992) Icam1 (4.814) Dusp2 (4.131) Ccl20 (3.992) Myc (3.723) Gem (3.209) Ptpre (2.778) Efna1 (2.289) Klf10 (2.264) Egr2 (2.194)"
"k1","L3","70.54","1.000","1.337","MONTERO_THYROID_CANCER_POOR_SURVIVAL_UP","M11629","MSigDB-C2",NA,"CGP","Homo sapiens","Up-regulated genes predicting poor survival of patients with thyroid carcinoma.","Birc5 (3.783) Ube2c (3.76) Ccnb2 (2.343) Cenpa (1.859) Prc1 (1.53) Rrm2 (1.387) Nusap1 (0.632) Anln (0.181) Cep55 (0.07) Aspm (0.036)"
"k1","L4","65.38","1.000","0.859","WEINMANN_ADAPTATION_TO_HYPOXIA_UP","M11948","MSigDB-C2",NA,"CGP","Homo sapiens","Genes most up-regulated in hypoxia tolerant NCI H460 cells (lung cancer).","Igfbp7 (6.126) Crlf1 (5.096) Hspa1a (3.633) Id3 (3.484) Tpbg (2.214) Hmox1 (1.916) Rgcc (1.288) Calm1 (0.582) Col3a1 (-0.241) Kcnk1 (0.195)"
"k1","L5","48.73","1.000","-1.097","GO_POSITIVE_REGULATION_OF_NEUROINFLAMMATORY_RESPONSE","M24929","MSigDB-C5",NA,"GO:BP","Homo sapiens","Any process that activates or increases the frequency, rate or extent of neuroinflammatory response. [GOC:aruk, GOC:bc]","Nupr1 (-11.127) Ctsc (-0.982) Il18 (-0.187) Il33 (-0.061) Tnf (-0.034) Il6 (-0.026) Ttbk1 (-0.023) Stap1 (-0.012) Trem2 (0.01) Lrrk2 (-0.004)"
"k1","L6","44.91","1.000","0.892","DURANTE_ADULT_OLFACTORY_NEUROEPITHELIUM_OLFACTORY_HORIZONTAL_BASAL_CELLS","M39272","MSigDB-C8",NA,"","Homo sapiens","","Krt5 (4.625) Myc (3.723) Bcam (2.708) Basp1 (-2.436) Aqp3 (1.724) Dst (1.637) Tsc22d1 (1.321) Ctsl (1.244) F3 (1.223) Krt17 (1.146)"
"k1","L7","43.65","1.000","0.384","MENON_FETAL_KIDNEY_1_EMBRYONIC_RED_BLOOD_CELLS","M39251","MSigDB-C8",NA,"","Homo sapiens","","Marcksl1 (4.298) Id3 (3.484) Stmn1 (3.264) Rpsa (2.33) Rpl18a (2.156) Rps4x (2.129) Rpl3 (2.052) Dut (2.008) Rplp0 (1.979) Jun (1.845)"
"k1","L8","42.36","1.000","-1.136","GO_REGULATION_OF_FEMALE_GONAD_DEVELOPMENT","M12759","MSigDB-C5",NA,"GO:BP","Homo sapiens","Any process that modulates the frequency, rate or extent of female gonad development. [GOC:obol]","Nupr1 (-11.127) Hyal3 (0.1) Zp3 (-0.017) Gnrh1 (-0.01) Gdf9 (0.01) Nr5a1 (-0.009) Src (-0.009) Insr (-0.009) Retn (-0.005) Amh (-0.001)"
"k1","L9","43.18","0.998","0.566","HP_ABNORMALITY_OF_THE_AXILLARY_HAIR","M38663","MSigDB-C5",NA,"HPO","Homo sapiens","Abnormality of the axillary hair","Trp63 (4.726) Apoe (3.779) Dusp6 (2.914) Axl (2.914) Col17a1 (2.66) Lpar6 (2.013) Vamp7 (1.716) Itgb4 (1.567) Sox9 (1.039) Flrt3 (0.132)"
"k1","L10","47.30","0.996","0.290","GSE37605_FOXP3_FUSION_GFP_VS_IRES_GFP_TREG_C57BL6_UP","M8792","MSigDB-C7",NA,"","Mus musculus","Genes up-regulated in T reg (FOXP3+ [GeneID=50943]) cells from B6 mice: Foxp3-Fusion-GFP versus Foxp3-ires-GFP.","Myc (3.723) Id3 (3.484) Gem (3.209) Spry1 (3.205) Dusp6 (2.914) Dll1 (2.696) Rnd3 (2.386) Rasl11b (2.215) Egr2 (2.194) Adamts1 (2.098)"
"k2","L1","48.21","1.000","0.342","GO_ARACHIDONIC_ACID_MONOOXYGENASE_ACTIVITY","M19168","MSigDB-C5",NA,"GO:MF","Homo sapiens","Catalysis of the incorporation of one atom from molecular oxygen into arachidonic acid and the reduction of the other atom of oxygen to water. [GOC:mah]","Cyp4a12b (3.151) Cyp4f15 (1.144) Cyp2a5 (0.668) Cyp2f2 (-0.197) Cyp2s1 (-0.021) Cyp2j9 (-0.018) Cyp2c65 (-0.018) Cyp4f14 (-0.017) Cyp2b19 (-0.015) Cyp2a4 (-0.008)"
"k2","L2","46.16","1.000","0.351","GO_ADHESION_OF_SYMBIONT_TO_HOST","M23646","MSigDB-C5",NA,"GO:BP","Homo sapiens","The attachment of a symbiont to its host via adhesion molecules, general stickiness etc., either directly or indirectly. The host is defined as the larger of the organisms involved in a symbiotic interaction. [GOC:bf, GOC:cc, GOC:dos, GOC:jl]","Bpifa1 (3.936) Sftpd (-0.636) Ace2 (0.61) Hsp90ab1 (0.131) Inhbb (-0.059) Lrrc15 (-0.016) Icam1 (-0.009) Scarb1 (-0.006) Gas6 (0.006) Cd81 (-0.005)"
"k2","L3","44.49","1.000","0.346","GO_ZYMOGEN_GRANULE_MEMBRANE","M25827","MSigDB-C5",NA,"GO:CC","Homo sapiens","The lipid bilayer surrounding a zymogen granule. [GOC:jl]","Dmbt1 (2.422) Clca1 (1.494) Rab27b (0.03) Tmed10 (-0.028) Scamp1 (-0.02) Cuzd1 (-0.016) Zg16 (-0.013) Vamp2 (-0.009) Tmed2 (-0.005) Stx3 (0.003)"
"k2","L4","34.98","1.000","0.270","FAN_EMBRYONIC_CTX_EX_2_EXCITATORY_NEURON","M39025","MSigDB-C8",NA,"","Homo sapiens","","Nfia (1.93) Hspa1a (1.646) Phlda1 (0.265) Ezr (0.027) Ddah2 (-0.019) Nfib (-0.015) Pou3f2 (-0.013) Igfbpl1 (-0.013) Meis2 (-0.01) Zbtb20 (-0.007)"
"k2","L5","37.02","1.000","-0.252","GO_REGULATION_OF_TOLL_LIKE_RECEPTOR_4_SIGNALING_PATHWAY","M11084","MSigDB-C5",NA,"GO:BP","Homo sapiens","Any process that modulates the frequency, rate, or extent of toll-like receptor 4 signaling pathway. [GOC:add, PMID:16551253, PMID:17328678]","Bpifb1 (-3.385) Lbp (-0.49) Nr1d1 (-0.125) F2rl1 (-0.074) Peli1 (-0.024) Tnfaip3 (-0.022) Ptpn22 (-0.016) Ticam2 (-0.012) Tirap (-0.011) Rab7b (-0.011)"
"k2","L6","20.68","1.000","0.262","GO_CHLORIDE_ION_HOMEOSTASIS","M24068","MSigDB-C5",NA,"GO:BP","Homo sapiens","Any process involved in the maintenance of an internal steady state of chloride ions within an organism or cell. [GOC:jid, GOC:mah]","Atp6v1b1 (2.969) Slc12a2 (-0.084) Slc12a4 (-0.023) Slc12a5 (-0.02) Slc12a3 (-0.013) Slc12a8 (-0.012) Car12 (-0.011) Slc12a7 (-0.007) Ckb (-0.006) Slc12a9 (-0.002)"
"k2","L7","18.39","0.983","0.167","WP_EICOSANOID_METABOLISM_VIA_CYCLO_OXYGENASES_COX","M39851","MSigDB-C2",NA,"CP:WIKIPATHWAYS","Homo sapiens","Eicosanoid metabolism via Cyclo Oxygenases (COX)","Cyp4a12b (3.151) Cyp4f15 (1.144) Hpgd (0.876) Ptgr1 (0.163) Ptges (0.1) Acox2 (0.05) Ptgfr (0.033) Ptgs2 (-0.032) Acaa1b (-0.019) Ptgs1 (-0.018)"
"k2","L8","17.22","0.995","0.199","GO_CELL_AGGREGATION","M13025","MSigDB-C5",NA,"GO:BP","Homo sapiens","The clustering together and adhesion of initially separate cells to form an aggregate.  Examples include the clustering of unicellular organisms or blood cells in suspension and the condensation of mesenchymal cells during cartilage formation. [GOC:dos]","Bpifa1 (3.936) Mpz (-0.035) Mgp (-0.033) Mapk14 (-0.021) Sox9 (-0.019) Otor (-0.018) Bmp1 (-0.018) Col2a1 (-0.018) Sox5 (-0.018) Sox6 (-0.017)"
"k2","L9","17.17","0.892","-0.134","GO_MACROPHAGE_CHEMOTAXIS","M14291","MSigDB-C5",NA,"GO:BP","Homo sapiens","The movement of a macrophage in response to an external stimulus. [GOC:jid]","Cxcl17 (-2.686) Lgals3 (-1.6) Sftpd (-0.636) Cx3cl1 (0.419) Mapk3 (0.112) Mapk14 (-0.021) Ptk2b (-0.019) Thbs1 (-0.018) Slamf8 (-0.016) Trpv4 (-0.015)"
"k2","L9","17.17","0.073","-0.111","GO_MACROPHAGE_MIGRATION","M25362","MSigDB-C5",NA,"GO:BP","Homo sapiens","The orderly movement of a macrophage from one site to another. [GO_REF:0000091, GOC:TermGenie, PMID:25749876]","Cxcl17 (-2.686) Lgals3 (-1.6) Sftpd (-0.636) Cx3cl1 (0.419) Mapk3 (0.112) Cd9 (-0.1) Mapk14 (-0.021) Mcoln2 (0.02) Ptk2b (-0.019) Thbs1 (-0.018)"
"k2","L10","13.98","0.096","-0.178","TURASHVILI_BREAST_CARCINOMA_DUCTAL_VS_LOBULAR_UP","M15137","MSigDB-C2",NA,"CGP","Homo sapiens","Genes up-regulated in ductal vs lobular carcinoma breast tumor cells.","Bpifb1 (-3.385) Ttc3 (-0.036) Epb41l3 (-0.017) Dtl (-0.015) Mtfr2 (-0.014) Slc1a2 (-0.013) Cks2 (-0.013) B3galnt1 (-0.012) Mex3c (-0.01) Glcci1 (-0.009)"
"k2","L10","13.98","0.420","0.209","IGLESIAS_E2F_TARGETS_DN","M1482","MSigDB-C2",NA,"CGP","Mus musculus","Genes down-regulated in pancreatic cells from mice with double knockout of E2F1 [GeneID=1869] and E2F2 [GeneID=1870] compared to wild type.","Dmbt1 (2.422) Mt2 (0.642) Gnmt (0.039) Nnt (-0.022) Igf1 (-0.018) Itih4 (-0.018) Lor (-0.016) Cel (-0.016) Reg1 (-0.016) Casp9 (-0.014)"
"k2","L10","13.98","0.013","-0.219","GO_T_CELL_ACTIVATION_VIA_T_CELL_RECEPTOR_CONTACT_WITH_ANTIGEN_BOUND_TO_MHC_MOLECULE_ON_ANTIGEN_PRESENTING_CELL","M22233","MSigDB-C5",NA,"GO:BP","Homo sapiens","The change in morphology and behavior of a mature or immature T cell resulting from exposure to an antigen for which its T cell receptor is specific bound to an MHC molecule on an antigen presenting cell, leading to the initiation or perpetuation of an immune response. [GOC:add, ISBN:0781735149]","Lgals3 (-1.6) Lgals9 (-0.163) Havcr2 (-0.017) Pirb (-0.016) Itgal (-0.013) Apbb1ip (-0.011) Fgl2 (0.01) H2-DMb2 (-0.009) Icam1 (-0.009) Cd81 (-0.005)"
"k2","L10","13.98","0.426","0.153","GO_ANTIBACTERIAL_HUMORAL_RESPONSE","M22882","MSigDB-C5",NA,"GO:BP","Homo sapiens","An immune response against bacteria mediated through a body fluid. Examples of this process are the antibacterial humoral responses in Mus musculus and Drosophila melanogaster. [GOC:go_curators, GOC:mtg_sensu]","Bpifa1 (3.936) Dmbt1 (2.422) Sftpd (-0.636) Spink5 (-0.627) Trf (0.5) Wfdc2 (-0.249) Rpl39 (-0.042) Ang (-0.026) Spon2 (-0.023) Defb1 (-0.021)"
"k3","L1","167.28","1.000","-0.571","AMIT_EGF_RESPONSE_40_HELA","M4204","MSigDB-C2",NA,"CGP","Homo sapiens","Genes whose expression peaked at 40 min after stimulation of HeLa cells with EGF [GeneID=1950].","Ier2 (-7.682) Nr4a1 (-6.058) Egr1 (-5.834) Ier3 (-5.409) Klf2 (-3.829) Junb (-3.298) Jun (-3.148) Cebpb (-2.491) Btg2 (-2.468) Ppp1r15a (-1.067)"
"k3","L2","121.95","1.000","-0.452","ZHENG_CORD_BLOOD_C5_SIMILAR_TO_HSC_C6_PUTATIVE_ALTERED_METABOLIC_STATE","M39214","MSigDB-C8",NA,"","Homo sapiens","","Ier2 (-7.682) Fos (-7.126) Nr4a1 (-6.058) Nfkbia (-3.326) Junb (-3.298) Jun (-3.148) Pnrc1 (-2.815) Hspa5 (-2.812) Btg2 (-2.468) Dusp1 (-0.811)"
"k3","L3","81.11","1.000","-0.738","ZAIDI_OSTEOBLAST_TRANSCRIPTION_FACTORS","M6267","MSigDB-C2",NA,"CGP","Homo sapiens","An assortment of osteoblast transcriptional regulators.","Fos (-7.126) Jun (-3.148) Jund (-2.934) Atf4 (-2.405) Txlng (-0.042) Nfatc1 (-0.034) Dlx5 (-0.019) Fosl2 (-0.018) Ctnnb1 (-0.016) Dlx3 (-0.014)"
"k3","L4","84.74","1.000","-0.752","LIU_IL13_PRIMING_MODEL","M2476","MSigDB-C2",NA,"CGP","Homo sapiens","Genes up-regulated in BEAS-2B cells (bronchial epithelium) stimulated with IL13 [GeneID=3596] on days 1 to 3, rested on days 4 and 5, and then restimulated on day 6 for 1 h before lysis (priming model).","Fos (-7.126) Egr1 (-5.834) Clca1 (-1.132) Sertad1 (-0.498) Jmjd6 (-0.26) Plk3 (-0.049) Rab5b (-0.018) Jag1 (-0.017) Etv5 (-0.013) Emp3 (-0.01)"
"k3","L5","73.80","1.000","-0.217","LANDIS_ERBB2_BREAST_TUMORS_324_UP","M366","MSigDB-C2",NA,"CGP","Mus musculus","Up-regulated genes from the 324 genes identified by two analytical methods as changed in the mammary tumors induced by transgenic expression of ERBB2 [GeneID=2064].","Ier2 (-7.682) Nr4a1 (-6.058) Ier3 (-5.409) Ehf (-2.521) Litaf (-2.392) Plet1 (-1.749) Cldn7 (-1.735) Serp1 (-1.325) Krt8 (-1.188) Csrp1 (-1.18)"
"k3","L6","84.19","1.000","-0.590","GO_RNA_POLYMERASE_II_CORE_PROMOTER_SEQUENCE_SPECIFIC_DNA_BINDING","M18499","MSigDB-C5",NA,"GO:MF","Homo sapiens","Interacting selectively and non-covalently with a DNA sequence that is part of the core promoter of a RNA polymerase II-transcribed gene. [GOC:pg, GOC:txnOH, PMID:12381658]","Fos (-7.126) H3f3b (-6.128) Cebpb (-2.491) H3f3a (-0.443) Gtf2b (-0.367) Brf2 (-0.056) Nrf1 (-0.031) Ruvbl2 (-0.027) Kdm3a (-0.023) Rela (-0.022)"
"k3","L7","116.70","1.000","-0.683","TIAN_TNF_SIGNALING_NOT_VIA_NFKB","M14666","MSigDB-C2",NA,"CGP","Homo sapiens","Genes modulated in HeLa cells (cervical carcinoma) by TNF [GeneID=7124] not via NFKB pathway.","Nr4a1 (-6.058) Egr1 (-5.834) Ier3 (-5.409) Junb (-3.298) Jun (-3.148) Ppp1r15a (-1.067) Fosb (-0.832) Mnt (-0.082) Klf10 (-0.053) Hspa1a (-0.034)"
"k3","L9","88.35","1.000","-0.455","RASHI_RESPONSE_TO_IONIZING_RADIATION_1","M1897","MSigDB-C2",NA,"CGP","Mus musculus","Cluster 1: ATM [GeneID=472] dependent genes induced at 30 min after ionizing radiation treatment.","Ier2 (-7.682) Fos (-7.126) Egr1 (-5.834) Ier3 (-5.409) Jun (-3.148) Foxq1 (-0.856) Dusp1 (-0.811) Serpinb6a (-0.774) Zfp36 (-0.669) Cdk4 (-0.5)"
"k3","L10","69.96","1.000","-0.624","LEE_LIVER_CANCER_HEPATOBLAST","M13123","MSigDB-C2",NA,"CGP","Homo sapiens","Fig.5, Supplementary Fig.2 Genes overexpressed in human hepatocellular carcinoma with hepatoblast property","Fos (-7.126) Nr4a1 (-6.058) Krt19 (-1.38) Plaur (-1.317) Ccnd2 (-0.894) Krt7 (-0.395) F3 (-0.041) Vim (0.015) Timp1 (-0.015) Cd44 (-0.012)"
"k3","L8","72.93","0.891","-0.294","MUNSHI_MULTIPLE_MYELOMA_UP","M4517","MSigDB-C2",NA,"CGP","Homo sapiens","Genes up-regulated in multiple myeloma (MM) compared to normal plasma cells from the patient's identical twin.","Fos (-7.126) Nfkbia (-3.326) Jun (-3.148) Jund (-2.934) Ubc (-2.826) Hspa5 (-2.812) Ubb (-2.073) Calr (-1.346) Krt8 (-1.188) Mcl1 (-1.091)"
"k3","L8","72.93","0.109","-0.139","LAKE_ADULT_KIDNEY_C10_THIN_ASCENDING_LIMB","M39229","MSigDB-C8",NA,"","Homo sapiens","","H3f3b (-6.128) Ier3 (-5.409) Ubc (-2.826) Pnrc1 (-2.815) Litaf (-2.392) Krt18 (-2.112) Ubb (-2.073) Calm1 (-2.058) Bace2 (-1.935) Saraf (-1.849)"
"k4","L1","236.62","1.000","0.905","BOSCO_EPITHELIAL_DIFFERENTIATION_MODULE","M2533","MSigDB-C2",NA,"CGP","Homo sapiens","Genes representing epithelial differentiation module in sputum during asthma exacerbations.","Krt13 (8.041) Serpinb2 (7.404) Ecm1 (6.508) Psca (6.093) Mal (5.552) Krt4 (5.462) Sprr1a (5.271) Trim16 (3.035) Scel (2.687) Nccrp1 (2.205)"
"k4","L2","310.26","1.000","1.280","WANG_BARRETTS_ESOPHAGUS_AND_ESOPHAGUS_CANCER_DN","M16944","MSigDB-C2",NA,"CGP","Homo sapiens","Genes down-regulated in esophageal adenocarcinoma (EAC) and Barret's esophagus (BE) relative to normal esophagi.","Ecm1 (6.508) Ly6g6c (6.433) Krt6a (6.348) Mal (5.552) Krt4 (5.462) Lgals7 (4.85) Cda (3.2) Slurp1 (2.613) Anxa1 (2.566) St3gal4 (2.474)"
"k4","L3","2946.55","0.500","6.707","O2/CO2 exchange in erythrocytes","1367888","BioSystems-reactome","R-MMU-1480926",NA,NA,NA,"Hbb-bs (6.783) Hba-a1 (5.168) Hba-a2 (5.08) Hbb-bt (1.355) Cyb5r4 (0.39) Cyb5r1 (-0.028) Aqp1 (-0.009) Slc4a1 (-0.005) Cyb5rl (-0.004) Car2 (0.003)"
"k4","L3","2946.55","0.500","6.707","Erythrocytes take up carbon dioxide and release oxygen","1367889","BioSystems-reactome","R-MMU-1237044",NA,NA,NA,"Hbb-bs (6.783) Hba-a1 (5.168) Hba-a2 (5.08) Hbb-bt (1.355) Cyb5r4 (0.39) Cyb5r1 (-0.028) Aqp1 (-0.009) Slc4a1 (-0.005) Cyb5rl (-0.004) Car2 (0.003)"
"k4","L4","67.46","1.000","0.666","DURANTE_ADULT_OLFACTORY_NEUROEPITHELIUM_RESPIRATORY_HORIZONTAL_BASAL_CELLS","M39273","MSigDB-C8",NA,"","Homo sapiens","","Krt6a (6.348) Calml3 (4.181) Lypd3 (3.73) Krt5 (2.707) Anxa1 (2.566) Aqp3 (-1.724) Sfn (1.642) Tacstd2 (1.572) Anxa2 (1.535) S100a11 (1.453)"
"k4","L5","116.61","1.000","1.065","HUMMERICH_MALIGNANT_SKIN_TUMOR_UP","M1126","MSigDB-C2",NA,"CGP","Mus musculus","Genes up-regulated in malignant skin tumors (squamous cell carcinoma, SCC) formed by treatment with DMBA and TPA [PubChem=6001;4792] in the two stage skin carcinogenesis model.","Krt13 (8.041) Ecm1 (6.508) Hba-a1 (5.168) Hba-a2 (5.08) Ltf (-2.659) Krt16 (1.86) Gsto1 (1.593) Gsta1 (1.224) Cotl1 (-0.72) Plet1 (0.165)"
"k4","L6","72.03","1.000","0.396","LIN_SILENCED_BY_TUMOR_MICROENVIRONMENT","M19768","MSigDB-C2",NA,"CGP","Homo sapiens","Genes downregulated in MCF10A cells (breast cancer) co-cultured with cancer-associated fibroblasts (CAF).","Krt13 (8.041) Psca (6.093) Krt4 (5.462) Sprr1a (5.271) Klk10 (3.636) Scel (2.687) Clic3 (2.44) Grhl3 (2.358) Gabrp (1.814) Mall (1.734)"
"k4","L7","54.63","1.000","-0.925","DURANTE_ADULT_OLFACTORY_NEUROEPITHELIUM_RESPIRATORY_EPITHELIAL_CELLS","M39293","MSigDB-C8",NA,"","Homo sapiens","","Scgb1a1 (-4.267) Ltf (-2.659) Pigr (-2.193) Lyz2 (-0.069) Slpi (-0.02) Dmbt1 (-0.018) Bpifa1 (-0.013) Bpifb1 (-0.005) Ier3 (0.004) 2310057J18Rik (0.003)"
"k4","L8","55.04","1.000","0.224","JAEGER_METASTASIS_DN","M10702","MSigDB-C2",NA,"CGP","Homo sapiens","Genes down-regulated in metastases from malignant melanoma compared to the primary tumors.","Krt6a (6.348) Mal (5.552) Sprr1a (5.271) Cwh43 (5.173) Lgals7 (4.85) Ly6d (4.479) Calml3 (4.181) Lypd3 (3.73) Klk10 (3.636) Cda (3.2)"
"k4","L9","37.54","0.965","0.865","REACTOME_DISSOLUTION_OF_FIBRIN_CLOT","M27712","MSigDB-C2",NA,"CP:REACTOME","Homo sapiens","Dissolution of Fibrin Clot","Serpinb2 (7.404) Anxa2 (1.535) S100a10 (1.098) Serpinb8 (0.967) Serpinb6a (0.476) Serpine2 (-0.03) Plat (0.01) Plaur (-0.009) Serpine1 (-0.009) Plau (-0.009)"
"k4","L10","1977.20","1.000","-5.769","REACTOME_ERYTHROCYTES_TAKE_UP_CARBON_DIOXIDE_AND_RELEASE_OXYGEN","M29536","MSigDB-C2",NA,"CP:REACTOME","Homo sapiens","Erythrocytes take up carbon dioxide and release oxygen","Hba-a1 (5.168) Hba-a2 (5.08) Hbb-bt (1.355) Cyb5r4 (0.39) Cyb5r1 (-0.028) Aqp1 (-0.009) Slc4a1 (-0.005) Cyb5rl (-0.004) Car2 (0.003) Car4 (0)"
"k5","L1","216.24","1.000","2.858","DURANTE_ADULT_OLFACTORY_NEUROEPITHELIUM_RESPIRATORY_EPITHELIAL_CELLS","M39293","MSigDB-C8",NA,"","Homo sapiens","","Sbpl (16.629) 2310057J18Rik (11.052) Sbp (5.713) Dmbt1 (5.198) Lyz2 (3.151) Bpifb1 (2.898) Ltf (-1.489) Pip (0.232) Bpifa1 (0.061) Ier3 (0.026)"
"k5","L2","46.68","1.000","-0.271","HSIAO_HOUSEKEEPING_GENES","M11197","MSigDB-C2",NA,"CGP","Homo sapiens","Housekeeping genes identified as expressed across 19 normal tissues.","Prdx6 (-5.272) Gsto1 (-4.668) Gpx4 (-3.272) Ifitm3 (-3.158) Ybx1 (-2.679) Hspb1 (-2.673) Txn1 (-2.256) Fth1 (-2.246) Prdx1 (-2.093) Ifitm1 (-2.035)"
"k5","L3","41.39","1.000","1.242","GO_MAINTENANCE_OF_GASTROINTESTINAL_EPITHELIUM","M13425","MSigDB-C5",NA,"GO:BP","Homo sapiens","Protection of epithelial surfaces of the gastrointestinal tract from proteolytic and caustic digestive agents. [GOC:mah]","Tff1 (11.079) Tff2 (10.344) Sox9 (0.385) Vsig1 (0.047) Tlr9 (0.045) Muc6 (0.043) Muc2 (0.038) Tlr4 (-0.033) Zfp830 (-0.028) Slc22a5 (-0.028)"
"k5","L4","33.16","0.997","1.376","REACTOME_DIGESTION","M27790","MSigDB-C2",NA,"CP:REACTOME","Homo sapiens","Digestion","Lipf (15.88) Pir (-0.589) Gucy2c (0.044) Clps (0.042) Guca2b (0.041) Guca2a (0.041) Cel (0.038) Pnliprp1 (0.02) Chia1 (0.003) Amy1 (-0.002)"
"k5","L5","31.60","1.000","0.684","HOLLERN_MICROACINAR_BREAST_TUMOR_UP","M696","MSigDB-C2",NA,"CGP","Mus musculus","Genes that have high expression in mammary tumors of microacinar histology.","2310057J18Rik (11.052) Cldn2 (4.255) Atp1b1 (-3.856) Bhlha15 (3.854) Aass (3.582) Gjb1 (3.366) Creb3l4 (2.534) Tpd52l1 (2.524) Spdef (2.402) Gne (1.392)"
"k5","L8","19.34","1.000","-0.271","HALLMARK_OXIDATIVE_PHOSPHORYLATION","M5936","MSigDB-H",NA,"","Homo sapiens","Genes encoding proteins involved in oxidative phosphorylation.","Atp1b1 (-3.856) Por (-3.855) Gpx4 (-3.272) Idh2 (-2.469) Cyb5a (-2.213) Cox6c (-1.93) Alas1 (-1.841) Uqcr10 (-1.811) Ndufa2 (-1.614) Slc25a3 (-1.468)"
"k5","L9","26.79","1.000","0.845","RICKMAN_HEAD_AND_NECK_CANCER_D","M19164","MSigDB-C2",NA,"CGP","Homo sapiens","Cluster d: genes identifying an intrinsic group in head and neck squamous cell carcinoma (HNSCC).","Sbpl (16.629) Sbp (5.713) Dmbt1 (5.198) Bpifb1 (2.898) Slc34a2 (2.752) Muc5b (2.192) Azgp1 (1.97) Agr2 (1.746) Ltf (-1.489) Scgb3a1 (1.05)"
"k5","L10","18.59","0.997","-0.283","AIZARANI_LIVER_C24_EPCAM_POS_BILE_DUCT_CELLS_3","M39125","MSigDB-C8",NA,"","Homo sapiens","","Krt19 (-5.203) Ces1d (-3.935) Atp1b1 (-3.856) S100a6 (-3.578) S100a11 (-3.495) Tst (-2.979) Wfdc2 (-2.678) Hspb1 (-2.673) Prdx5 (-2.649) Txn1 (-2.256)"
"k5","L6","17.30","0.241","-0.526","Metabolism of xenobiotics by cytochrome P450","83228","BioSystems-kegg","mmu00980",NA,NA,NA,"Cbr2 (-6.196) Gstm1 (-5.791) Gsto1 (-4.668) Cyp2f2 (-4.594) Hsd11b1 (4.481) Gsta4 (-3.671) Gsta3 (-3.424) Gstm2 (-1.269) Gstt2 (0.613) Adh5 (-0.595)"
"k5","L6","17.30","0.746","-0.774","glutathione-mediated detoxification","143044","BioSystems-biocyc","MOUSE_PWY-4061",NA,NA,NA,"Gstm1 (-5.791) Gsto1 (-4.668) Gsta4 (-3.671) Gsta3 (-3.424) Gstm2 (-1.269) Gstt2 (0.613) Gstp1 (-0.199) Mgst3 (-0.116) Mgst1 (-0.095) Gstm6 (-0.089)"
"k5","L7","16.80","0.093","0.862","CERIBELLI_PROMOTERS_INACTIVE_AND_BOUND_BY_NFY","M2252","MSigDB-C2",NA,"CGP","Homo sapiens","Transcriptionally inactive genes whose promoters (regions between -2 kb to +0.5 kb relative to trascription start sites) where bound by NF-Y transcription factor.","Tff2 (10.344) Sox10 (5.025) Cldn14 (0.273) Ap1b1 (-0.065) Dnajc5 (-0.054) Tardbp (-0.051) Cldn8 (-0.049) Col20a1 (0.047) Ctcfl (0.045) Pi4ka (-0.043)"
"k5","L7","16.80","0.883","0.755","BIOCARTA_TFF_PATHWAY","M15926","MSigDB-C2",NA,"CP:BIOCARTA","Homo sapiens","Trefoil Factors Initiate  Mucosal Healing","Tff1 (11.079) Tff2 (10.344) Ctnnb1 (-0.216) Rhoa (-0.168) Mapk3 (-0.118) Bad (-0.114) Gh (0.061) Erbb2 (-0.043) Shc1 (-0.038) Muc2 (0.038)"
"k6","L1","435.63","1.000","1.076","GAO_ESOPHAGUS_25W_C1_CILIATED_EPITHELIAL_CELLS","M39136","MSigDB-C8",NA,"","Homo sapiens","","1110017D15Rik (8.082) Rsph1 (7.462) Fam183b (7.458) Cdhr4 (6.954) Zmynd10 (6.473) BC051019 (6.447) Mlf1 (6.369) Odf3b (6.32) Lrrc23 (6.24) Sntn (6.123)"
"k6","L2","286.43","1.000","0.867","CREIGHTON_ENDOCRINE_THERAPY_RESISTANCE_2","M3062","MSigDB-C2",NA,"CGP","Homo sapiens","The 'group 2 set' of genes associated with acquired endocrine therapy resistance in breast tumors expressing ESR1 and ERBB2 [GeneID=2099;2064].","Dynlrb2 (8.187) 1110017D15Rik (8.082) 1700007K13Rik (7.624) Rsph1 (7.462) 1700016K19Rik (7.393) Meig1 (7.094) 2410004P03Rik (6.763) Morn5 (6.758) Tekt1 (6.712) Dnali1 (6.657)"
"k6","L3","187.10","1.000","1.202","DURANTE_ADULT_OLFACTORY_NEUROEPITHELIUM_RESPIRATORY_CILIATED_CELLS","M39285","MSigDB-C8",NA,"","Homo sapiens","","Ccdc153 (8.231) Dynlrb2 (8.187) 1110017D15Rik (8.082) 1700007K13Rik (7.624) Rsph1 (7.462) Fam183b (7.458) Morn5 (6.758) Tekt1 (6.712) Dnali1 (6.657) Pifo (6.54)"
"k6","L4","86.42","1.000","0.523","GO_CILIUM_ORGANIZATION","M13049","MSigDB-C5",NA,"GO:BP","Homo sapiens","A process that is carried out at the cellular level which results in the assembly, arrangement of constituent parts, or disassembly of a cilium, a specialized eukaryotic organelle that consists of a filiform extrusion of the cell surface. Each cilium is bounded by an extrusion of the cytoplasmic membrane, and contains a regular longitudinal array of microtubules, anchored basally in a centriole. [GOC:cilia, GOC:jl]","Dynlrb2 (8.187) Rsph1 (7.462) Tekt1 (6.712) Zmynd10 (6.473) Mns1 (6.311) Iqcg (6.211) Tekt4 (6.011) Nme5 (5.962) Cfap53 (5.936) Cfap52 (5.888)"
"k6","L6","60.55","1.000","0.704","GO_MOTILE_CILIUM","M17253","MSigDB-C5",NA,"GO:CC","Homo sapiens","A cilium which may have a variable arrangement of axonemal microtubules and also contains molecular motors. It may beat with a whip-like pattern that promotes cell motility or transport of fluids and other cells across a cell surface, such as on epithelial cells that line the lumenal ducts of various tissues; or they may display a distinct twirling motion that directs fluid flow asymmetrically across the cellular surface to affect asymmetric body plan organization. Motile cilia can be found in single as well as multiple copies per cell. [GOC:cilia, GOC:dgh, GOC:kmv, PMID:17009929, PMID:20144998, PMID:22118931]","Rsph1 (7.462) Tekt1 (6.712) Dnali1 (6.657) Mns1 (6.311) Iqcg (6.211) Tekt4 (6.011) Nme5 (5.962) Cfap52 (5.888) Ak8 (5.821) Dnajb13 (5.754)"
"k6","L7","83.79","1.000","0.554","SENGUPTA_NASOPHARYNGEAL_CARCINOMA_DN","M12671","MSigDB-C2",NA,"CGP","Homo sapiens","Genes down-regulated in nsopharyngeal carcinoma relative to the normal tissue.","Dynlrb2 (8.187) 1110017D15Rik (8.082) 1700007K13Rik (7.624) Rsph1 (7.462) Morn5 (6.758) Tekt1 (6.712) Dnali1 (6.657) Pifo (6.54) Odf3b (6.32) Iqcg (6.211)"
"k6","L8","18.56","1.000","1.696","Incretin synthesis, secretion, and inactivation","1367278","BioSystems-reactome","R-MMU-400508",NA,NA,NA,"Gng13 (7.417) Gnb3 (6.958) Gnat3 (4.256) Pcsk1 (0.336) Grp (0.044) Gip (0.015) Ffar4 (0.013) Ffar1 (-0.003) Gcg (-0.002) Dpp4 (0)"
"k6","L9","36.43","1.000","0.525","DURANTE_ADULT_OLFACTORY_NEUROEPITHELIUM_MATURE_NEURONS","M39291","MSigDB-C8",NA,"","Homo sapiens","","1110017D15Rik (8.082) Rsph1 (7.462) Fam183b (7.458) Gng13 (7.417) Mlf1 (6.369) Mns1 (6.311) 2610028H24Rik (5.855) Chga (5.834) Efhc1 (5.604) Ckb (5.601)"
"k6","L10","41.10","1.000","0.555","WP_CILIOPATHIES","M39880","MSigDB-C2",NA,"CP:WIKIPATHWAYS","Homo sapiens","Ciliopathies","Rsph1 (7.462) Zmynd10 (6.473) Cfap53 (5.936) Cfap52 (5.888) Dnah6 (5.819) Dnajb13 (5.754) Dnaic2 (5.663) Efhc1 (5.604) Ak7 (5.594) Drc1 (5.433)"
"k6","L5","16.40","0.916","1.290","TONKS_TARGETS_OF_RUNX1_RUNX1T1_FUSION_GRANULOCYTE_DN","M17148","MSigDB-C2",NA,"CGP","Homo sapiens","Genes down-regulated in granulocytes by RUNX1-RUNX1T1 [GeneID=861;862] fusion.","Hdc (7.641) Adam8 (5.84) Alox5ap (5.203) Alox5 (4.754) Camk1 (0.08) Entpd1 (0.071) Pmp22 (-0.022) Pde4c (-0.02) Pilra (0.017) Gdpd5 (-0.015)"
"k6","L5","16.40","0.083","1.363","GO_LEUKOTRIENE_BIOSYNTHETIC_PROCESS","M11524","MSigDB-C5",NA,"GO:BP","Homo sapiens","The chemical reactions and pathways resulting in the formation of leukotriene, a pharmacologically active substance derived from a polyunsaturated fatty acid, such as arachidonic acid. [GOC:go_curators]","Ltc4s (7.438) Alox5ap (5.203) Alox5 (4.754) Ggt6 (2.638) Mgst3 (0.181) Pla2g1b (0.056) Ggt1 (-0.039) Mgst2 (0.037) Pla2g4a (0.02) Lta4h (-0.017)"
"k7","L1","76.39","1.000","0.331","DURANTE_ADULT_OLFACTORY_NEUROEPITHELIUM_BOWMANS_GLAND","M39283","MSigDB-C8",NA,"","Homo sapiens","","Lyz2 (4.256) Dmbt1 (1.839) Ppp1r1b (1.551) Ltf (1.489) Cxcl17 (1.284) Hp (0.758) Bpifa1 (-0.433) Gpx3 (-0.307) Pigr (0.202) Cldn10 (-0.042)"
"k7","L2","64.76","0.999","0.195","GO_ANTIMICROBIAL_HUMORAL_RESPONSE","M10380","MSigDB-C5",NA,"GO:BP","Homo sapiens","An immune response against microbes mediated through a body fluid. Examples of this process are seen in the antimicrobial humoral response of Drosophila melanogaster and Mus musculus. [GOC:go_curators, GOC:mtg_sensu]","Lyz2 (4.256) Sftpd (2.415) Wfdc2 (1.916) Wfdc12 (1.86) Dmbt1 (1.839) Ltf (1.489) Cxcl5 (0.999) Rps19 (0.697) Itln1 (0.668) Bpifa1 (-0.433)"
"k7","L3","41.25","1.000","0.402","GO_RETINAL_BINDING","M18525","MSigDB-C5",NA,"GO:MF","Homo sapiens","Interacting selectively and non-covalently with retinal, one of the forms of vitamin A. Retinal plays an important role in the visual process in most vertebrates, combining with opsins to form visual pigments in the retina. [ISBN:0198506732]","Opn4 (2.355) Rbp4 (2.094) Crabp1 (0.025) Crabp2 (-0.021) Rbp1 (-0.013) Stra6 (-0.006) Aldh1a2 (0.006) Rho (-0.006) Rbp2 (0.005) Rlbp1 (-0.005)"
"k7","L4","33.87","1.000","0.153","Salivary secretion","153377","BioSystems-kegg","mmu04970",NA,NA,NA,"Lyz2 (4.256) Dmbt1 (1.839) Adcy2 (1.811) Muc5b (1.141) Atp1a1 (0.878) Kcnn4 (0.71) Lyz1 (0.651) Plcb4 (0.151) Adrb1 (-0.119) Gnas (-0.093)"
"k7","L6","24.60","0.999","0.332","GO_OUTWARD_RECTIFIER_POTASSIUM_CHANNEL_ACTIVITY","M26372","MSigDB-C5",NA,"GO:MF","Homo sapiens","Enables the transmembrane transfer of a potassium ion by an outwardly-rectifying voltage-gated channel. An outwardly rectifying current-voltage relation is one where at any given driving force the outward flow of K+ ions exceeds the inward flow for the opposite driving force. [GOC:mah]","Kcnk2 (2.206) Kcnq1 (1.515) Kcnip2 (-0.014) Pkd2 (-0.007) Kcna3 (-0.006) Kcnd3 (-0.005) Kcna2 (-0.005) Kcnt1 (-0.005) Kcnd2 (-0.004) Kcna5 (-0.004)"
"k7","L7","17.66","0.983","-0.170","SCHLINGEMANN_SKIN_CARCINOGENESIS_TPA_UP","M1502","MSigDB-C2",NA,"CGP","Mus musculus","Up-regulated in murine dorsal skin cells at 6 h after treatment with the phorbol ester carcinogen TPA [PubChem=4792].","Scgb1a1 (-1.776) Junb (-1.385) Gch1 (0.598) Kbtbd11 (-0.579) Lsm8 (-0.511) Bpifa1 (-0.433) Nabp1 (-0.104) Ctsl (-0.087) Ptbp1 (-0.023) Edf1 (-0.022)"
"k7","L9","19.60","0.997","0.323","Transport of organic anions","1368037","BioSystems-reactome","R-MMU-879518",NA,NA,NA,"Slco1a5 (2.445) Slco4c1 (0.778) Slco3a1 (0.049) Slc16a2 (-0.009) Slco4a1 (-0.007) Alb (-0.007) Avp (-0.006) Slco2b1 (0.005) Slco2a1 (0.003) Slco1a6 (-0.001)"
"k7","L10","27.86","1.000","0.332","WP_TAMOXIFEN_METABOLISM","M39631","MSigDB-C2",NA,"CP:WIKIPATHWAYS","Homo sapiens","Tamoxifen metabolism","Cyp2a5 (1.761) Sult1a1 (1.655) Fmo3 (0.389) Fmo1 (0.144) Cyp2a4 (0.074) Ugt2b34 (-0.018) Cyp2d22 (0.011) Cyp3a13 (-0.01) Cyp2c65 (-0.008) Ugt2b1 (-0.004)"
"k7","L5","34.43","0.510","0.131","REACTOME_EUKARYOTIC_TRANSLATION_ELONGATION","M29556","MSigDB-C2",NA,"CP:REACTOME","Homo sapiens","Eukaryotic Translation Elongation","Rps18 (0.888) Rps5 (0.874) Rpl13a (0.722) Rpl4 (0.699) Rps19 (0.697) Rps14 (0.601) Rpl14 (0.56) Rps9 (0.559) Rps15 (0.548) Rpl26 (0.512)"
"k7","L5","34.43","0.489","0.116","REACTOME_SELENOAMINO_ACID_METABOLISM","M27170","MSigDB-C2",NA,"CP:REACTOME","Homo sapiens","Selenoamino acid metabolism","Papss2 (2.021) Rps18 (0.888) Rps5 (0.874) Rpl13a (0.722) Rpl4 (0.699) Rps19 (0.697) Rps14 (0.601) Rpl14 (0.56) Rps9 (0.559) Rps15 (0.548)"
"k7","L8","19.69","0.082","0.252","CHEOK_RESPONSE_TO_HD_MTX_UP","M114","MSigDB-C2",NA,"CGP","Homo sapiens","Genes specifically up-regulated in pediatric acute lymphoblastic leukemia (ALL) patients by high-dose methotrexate (HDMTX) [PubChem=4112].","Lyz2 (4.256) Anxa2 (0.494) Bax (-0.102) Ablim1 (-0.032) Tyrobp (-0.024) Slc1a4 (-0.015) S100a8 (-0.014) Atm (0.011) Mylk (-0.009) Arl4c (0.007)"
"k7","L8","19.69","0.901","0.218","SEKI_INFLAMMATORY_RESPONSE_LPS_DN","M1980","MSigDB-C2",NA,"CGP","Mus musculus","Genes down-regulated in hepatic stellar cells after stimulation with bacterial lipopolysacharide (LPS).","Lyz2 (4.256) Dbp (0.516) Selenbp1 (0.478) Bambi (0.15) Bmf (0.088) Synpo (0.075) Ablim1 (-0.032) Rab3d (-0.032) Gdf10 (0.014) Mmp11 (0.013)"
"k2+k3","L1","36.87","1.000","0.576","NAKAMURA_LUNG_CANCER_DIFFERENTIATION_MARKERS","M13656","MSigDB-C2",NA,"CGP","Homo sapiens","14 candidate differentiation markers in lung adenocarcinoma cells, noncancerous lung cells and peripheral blood cells.","Sftpa1 (5.551) Scgb1a1 (1.776) Sftpb (-0.864) Cldn5 (-0.023) Dnaaf1 (-0.018) Fabp6 (-0.018) Muc4 (-0.016) Dnaic2 (-0.013) Sftpc (-0.01) Rarres2 (-0.004)"
"k2+k3","L2","35.76","1.000","-0.102","LAKE_ADULT_KIDNEY_C12_THICK_ASCENDING_LIMB","M39231","MSigDB-C8",NA,"","Homo sapiens","","Cd81 (-2.252) S100a6 (-1.936) Atpif1 (-1.727) App (-1.699) Chchd10 (-1.519) Rpl30 (-1.189) Ldhb (1.128) Fam171a1 (-1.108) Slc25a3 (-1.035) Fkbp2 (-1.024)"
"k2+k3","L3","33.42","1.000","0.206","GO_BLOOD_MICROPARTICLE","M17273","MSigDB-C5",NA,"GO:CC","Homo sapiens","A phospholipid microvesicle that is derived from any of several cell types, such as platelets, blood cells, endothelial cells, or others, and contains membrane receptors as well as other proteins characteristic of the parental cell. Microparticles are heterogeneous in size, and are characterized as microvesicles free of nucleic acids. [GOC:BHF, GOC:mah, PMID:16373184]","Pon1 (3.488) C3 (2.443) Hp (1.625) Gsn (1.278) Lgals3bp (0.671) Clu (-0.656) Clic1 (0.616) Pfn1 (0.605) Hspa8 (0.605) Serping1 (0.593)"
"k2+k3","L4","24.67","1.000","-0.145","ZHONG_SECRETOME_OF_LUNG_CANCER_AND_FIBROBLAST","M1687","MSigDB-C2",NA,"CGP","Mus musculus","Proteins secreted in co-culture of LKR-13 tumor cells (non-small cell lung cancer, NSCLC) and MLg stroma cells (fibroblasts).","Cd81 (-2.252) App (-1.699) Hsp90b1 (-1.098) Nucb1 (-1.088) Serpinb6a (-1.083) Calr (-1.024) Ppic (-0.928) Aldoa (-0.914) Psma5 (-0.848) Ran (-0.841)"
"k2+k3","L5","26.87","1.000","0.471","GO_NEGATIVE_REGULATION_OF_DIGESTIVE_SYSTEM_PROCESS","M15328","MSigDB-C5",NA,"GO:BP","Homo sapiens","Any process that decreases the frequency, rate or extent of a digestive system process, a physical, chemical, or biochemical process carried out by living organisms to break down ingested nutrients into components that may be easily absorbed and directed into metabolism. [GOC:dph, GOC:tb]","Tff2 (5.255) Stk39 (-0.048) Oxt (-0.036) Hamp (-0.034) Ucn (-0.027) Oxtr (-0.022) Wnk3 (-0.022) Ptger1 (-0.021) Sct (-0.021) Ptger3 (-0.02)"
"k2+k3","L6","25.99","1.000","-0.396","GO_REGULATION_OF_TOLL_LIKE_RECEPTOR_4_SIGNALING_PATHWAY","M11084","MSigDB-C5",NA,"GO:BP","Homo sapiens","Any process that modulates the frequency, rate, or extent of toll-like receptor 4 signaling pathway. [GOC:add, PMID:16551253, PMID:17328678]","Ltf (-3.231) Bpifb1 (-2.898) Peli1 (-0.585) Appl2 (-0.255) Lbp (0.074) Tirap (-0.047) Tnfaip3 (-0.043) Lyn (-0.041) Rab7b (-0.041) F2rl1 (-0.035)"
"k2+k3","L8","22.41","1.000","0.427","REACTOME_REGULATION_OF_TLR_BY_ENDOGENOUS_LIGAND","M27571","MSigDB-C2",NA,"CP:REACTOME","Homo sapiens","Regulation of TLR by endogenous ligand","Sftpa1 (5.551) S100a1 (0.475) Sftpd (-0.451) Cd36 (0.121) Lbp (0.074) S100a8 (-0.031) Tlr2 (-0.025) Ly96 (-0.022) S100a9 (-0.022) Tlr1 (-0.022)"
"k2+k3","L7","18.68","0.255","-0.108","GSE16266_CTRL_VS_HEATSHOCK_AND_LPS_STIM_MEF_UP","M7211","MSigDB-C7",NA,"","Mus musculus","Genes up-regulated inmouse embryonic fibroblasts (MEF): control versus LPS and heat shock.","Hmgb3 (-1.498) Cisd1 (-1.213) Ptpn11 (-1.161) Ube2f (-1.095) Dpy30 (-1.091) Nucb1 (-1.088) Mpc2 (-0.985) Prnp (-0.963) Atp5g3 (-0.915) Emc6 (-0.894)"
"k2+k3","L7","18.68","0.743","-0.113","AIZARANI_LIVER_C24_EPCAM_POS_BILE_DUCT_CELLS_3","M39125","MSigDB-C8",NA,"","Homo sapiens","","Lgals3 (-2.356) S100a6 (-1.936) Ocln (-1.529) Tagln2 (-1.481) Atf3 (-1.476) Tspo (-1.307) Muc5b (-1.141) Krt7 (-1.137) Camk2n1 (-1.106) Muc1 (-1.073)"
"k2+k3","L9","14.48","0.574","-0.157","TARTE_PLASMA_CELL_VS_B_LYMPHOCYTE_UP","M4552","MSigDB-C2",NA,"CGP","Homo sapiens","Genes up-regulated in plasma cells compared with B lymphocytes.","Lgals3 (-2.356) Itga6 (-1.245) Manf (-1.208) Hsp90b1 (-1.098) Fkbp2 (-1.024) Ppib (-0.948) Trib1 (-0.938) Tm9sf2 (-0.845) Tram1 (-0.76) Tmed10 (-0.751)"
"k2+k3","L9","14.48","0.022","-0.070","WANG_TUMOR_INVASIVENESS_UP","M1865","MSigDB-C2",NA,"CGP","Mus musculus","Up-regulated genes in the subpopulation of invasive PyMT cells (breast cancer) compared to the general population of PyMT cells.","Ifitm1 (-2.407) S100a6 (-1.936) Ralgds (-1.31) Ifitm3 (-1.302) Rpl30 (-1.189) Pttg1 (-1.135) Snrpd2 (-1.132) Hsp90b1 (-1.098) Dpy30 (-1.091) Creld2 (-1.041)"
"k2+k3","L9","14.48","0.115","-0.164","YAO_TEMPORAL_RESPONSE_TO_PROGESTERONE_CLUSTER_10","M1033","MSigDB-C2",NA,"CGP","Mus musculus","Genes co-regulated in uterus during a time course response to progesterone [PubChem=5994]: SOM cluster 10.","Polr2f (-1.279) Mrpl40 (-1.076) Tm9sf3 (-1.045) Fkbp2 (-1.024) 2210016F16Rik (-0.996) Mpc2 (-0.985) Tmed2 (-0.929) Pex13 (-0.84) Sumo1 (-0.811) Bola2 (-0.737)"
"k2+k3","L9","14.48","0.025","-0.102","YAO_TEMPORAL_RESPONSE_TO_PROGESTERONE_CLUSTER_13","M13713","MSigDB-C2",NA,"CGP","Mus musculus","Genes co-regulated in uterus during a time course response to progesterone [PubChem=5994]: SOM cluster 13.","S100a6 (-1.936) Tagln2 (-1.481) Snrpd2 (-1.132) Guk1 (-1.007) Naa38 (-1.004) Nudt16l1 (-0.96) Csrp1 (-0.959) Ppib (-0.948) Pex7 (-0.934) Emc6 (-0.894)"
"k2+k3","L9","14.48","0.018","-0.109","YAO_TEMPORAL_RESPONSE_TO_PROGESTERONE_CLUSTER_14","M8751","MSigDB-C2",NA,"CGP","Mus musculus","Genes co-regulated in uterus during a time course response to progesterone [PubChem=5994]: SOM cluster 14.","Pdia4 (-1.941) Cdk2ap1 (-1.931) Ube2m (-1.305) Cisd1 (-1.213) Pdia3 (-1.181) Mydgf (-0.988) Cdk4 (-0.902) Ran (-0.841) Gorasp2 (-0.823) Clptm1l (-0.818)"
"k2+k3","L9","14.48","0.212","-0.108","GSE29164_CD8_TCELL_VS_CD8_TCELL_AND_IL12_TREATED_MELANOMA_DAY7_DN","M8502","MSigDB-C7",NA,"","Mus musculus","Genes down-regulated in B16 melanoma at day 7 of adoptive transfer treatment: mock versus therapy.","Ifitm1 (-2.407) Pdia4 (-1.941) Anxa3 (-1.519) Manf (-1.208) Pttg1 (-1.135) Hsp90b1 (-1.098) Ifi27l2a (-0.998) Mydgf (-0.988) Sfxn1 (-0.967) Trib1 (-0.938)"
"k2+k3","L10","13.81","0.279","0.400","Fatty acids","1367862","BioSystems-reactome","R-MMU-211935",NA,NA,NA,"Cyp4a12b (2.453) Cyp4f15 (1.625) Cyp4f14 (-0.029) Cyp2j5 (-0.025) Cyp2j8 (-0.016) Cyp2j9 (-0.011) Cyp4a12a (0.009) Cyp4f40 (-0.005) Cyp4a10 (-0.002) Cyp4b1 (0)"
"k2+k3","L10","13.81","0.409","0.222","PID_HNF3A_PATHWAY","M285","MSigDB-C2",NA,"CP:PID","Homo sapiens","FOXA1 transcription factor network","Sftpa1 (5.551) Scgb1a1 (1.776) Nfia (1.526) Sftpd (-0.451) Xbp1 (0.366) Atp5j (0.293) Cebpb (-0.226) Nfic (-0.116) Ep300 (-0.069) Pou2f1 (-0.057)"
"k2+k3","L10","13.81","0.110","-0.319","GO_NEGATIVE_REGULATION_OF_ATPASE_ACTIVITY","M10962","MSigDB-C5",NA,"GO:BP","Homo sapiens","Any process that stops or reduces the rate of ATP hydrolysis by an ATPase. [GOC:mah]","Ltf (-3.231) Atpif1 (-1.727) Cnn3 (-0.752) Pxk (-0.61) Trp53 (-0.205) Tsc1 (-0.079) Mcm2 (-0.073) Tnnt2 (-0.048) Sirt1 (-0.038) Oxa1l (-0.031)"
"k2+k3","L10","13.81","0.051","0.344","GO_CXCR_CHEMOKINE_RECEPTOR_BINDING","M18914","MSigDB-C5",NA,"GO:MF","Homo sapiens","Interacting selectively and non-covalently with a chemokine receptor in the CXCR family. [GOC:ceb, PMID:11910892]","Tff2 (5.255) Cxcl5 (-0.535) Itch (-0.096) Cxcl2 (-0.034) Ppbp (-0.022) Pf4 (-0.02) Cxcl10 (-0.019) Cxcl12 (-0.016) Cxcl3 (-0.016) Cxcl9 (-0.014)"
"k2+k3","L10","13.81","0.119","0.393","REACTOME_MISCELLANEOUS_SUBSTRATES","M27128","MSigDB-C2",NA,"CP:REACTOME","Homo sapiens","Miscellaneous substrates","Cyp4a12b (2.453) Cyp4f15 (1.625) Cyp2s1 (-0.033) Cyp4f14 (-0.029) Cyp4f18 (-0.022) Cyp2u1 (-0.021) Cyp2w1 (-0.018) Cyp4f39 (-0.017) Cyp2d22 (-0.016) Cyp4a10 (-0.002)"
